{
  "type": "Topology",
  "arcs": [
    [
    ]
  ],
  "transform": {
    "scale": [
      0.0036000360003600037,
      0.0017364686646866468
    ],
    "translate": [
      -180,
      -90
    ]
  }
}
